{
  "name": "pancakeswap",
  "timestamp": "2020-08-25T15:41:29.665Z",
  "version": {
    "major": 1,
    "minor": 3,
    "patch": 1
  },
  "tags": {},
  "logoURI": "/images/coins/wbnb.png",
  "keywords": ["pancake", "default"],
  "tokens": [
    {
      "name": "WBNB Token",
      "symbol": "WBNB",
      "address": "0xae13d989dac2f0debff460ac112a837c89baa7cd",
      "chainId": 97,
      "decimals": 18,
      "logoURI": "/images/coins/BUSD.png"
    },
    {
      "name": "LP3 Token",
      "symbol": "LP3",
      "address": "0xe70b7523f4bffa1f2e88d2ba709afd026030f412",
      "chainId": 97,
      "decimals": 18,
      "logoURI": "/images/coins/ETH.png"
    },
    {
      "name": "BUSD Token",
      "symbol": "BUSD",
      "address": "0x615446C0Fd5eA8A5FD7fb763f3FC2C58774474F3",
      "chainId": 97,
      "decimals": 18,
      "logoURI": "/images/coins/BTC.png"
    },
    {
      "name": "Bakery Token",
      "symbol": "BAKE",
      "address": "0xe02df9e3e622debdd69fb838bb799e3f168902c5",
      "chainId": 56,
      "decimals": 18,
      "logoURI": "/images/coins/bake.png"
    },
    {
      "name": "Syrup Token",
      "symbol": "SYRUP",
      "address": "0x009cF7bC57584b7998236eff51b98A168DceA9B0",
      "chainId": 56,
      "decimals": 18,
      "logoURI": "/images/coins/SYRUP.png"
    },
    {
      "name": "BUSD Token",
      "symbol": "BUSD",
      "address": "0xe9e7cea3dedca5984780bafc599bd69add087d56",
      "chainId": 56,
      "decimals": 18,
      "logoURI": "/images/coins/BUSD.png"
    },
    {
      "name": "Ethereum Token",
      "symbol": "ETH",
      "address": "0x2170ed0880ac9a755fd29b2688956bd959f933f8",
      "chainId": 56,
      "decimals": 18,
      "logoURI": "/images/coins/ETH.png"
    },
    {
      "name": "BTCB Token",
      "symbol": "BTCB",
      "address": "0x7130d2a12b9bcbfae4f2634d864a1ee1ce3ead9c",
      "chainId": 56,
      "decimals": 18,
      "logoURI": "/images/coins/BTC-icon.png"
    },
    {
      "name": "BAND Protocol Token",
      "symbol": "BAND",
      "address": "0xad6caeb32cd2c308980a548bd0bc5aa4306c6c18",
      "chainId": 56,
      "decimals": 18,
      "logoURI": "/images/coins/band.png"
    },
    {
      "name": "EOS Token",
      "symbol": "EOS",
      "address": "0x56b6fb708fc5732dec1afc8d8556423a2edccbd6",
      "chainId": 56,
      "decimals": 18,
      "logoURI": "/images/coins/eos.png"
    },
    {
      "name": "Tether USD",
      "symbol": "USDT",
      "address": "0x55d398326f99059ff775485246999027b3197955",
      "chainId": 56,
      "decimals": 18,
      "logoURI": "/images/coins/USDT-icon.png"
    },
    {
      "name": "XRP Token",
      "symbol": "XRP",
      "address": "0x1d2f0da169ceb9fc7b3144628db156f3f6c60dbe",
      "chainId": 56,
      "decimals": 18,
      "logoURI": "/images/coins/XRP-icon.png"
    },
    {
      "name": "Bitcoin Cash Token",
      "symbol": "BCH",
      "address": "0x8ff795a6f4d97e7887c79bea79aba5cc76444adf",
      "chainId": 56,
      "decimals": 18,
      "logoURI": "/images/coins/BCH-icon.png"
    },
    {
      "name": "Litecoin Token",
      "symbol": "LTC",
      "address": "0x4338665cbb7b2485a8855a139b75d5e34ab0db94",
      "chainId": 56,
      "decimals": 18,
      "logoURI": "/images/coins/LTC-icon.png"
    },
    {
      "name": "Cardano Token",
      "symbol": "ADA",
      "address": "0x3ee2200efb3400fabb9aacf31297cbdd1d435d47",
      "chainId": 56,
      "decimals": 18
    },
    {
      "name": "Cosmos Token",
      "symbol": "ATOM",
      "address": "0x0eb3a705fc54725037cc9e008bdede697f62f335",
      "chainId": 56,
      "decimals": 18
    },
    {
      "name": "Tezos Token",
      "symbol": "XTZ",
      "address": "0x16939ef78684453bfdfb47825f8a5f714f12623a",
      "chainId": 56,
      "decimals": 18
    },
    {
      "name": "Ontology Token",
      "symbol": "ONT",
      "address": "0xfd7b3a77848f1c2d67e05e54d78d174a0c850335",
      "chainId": 56,
      "decimals": 18
    },
    {
      "name": "Zcash Token",
      "symbol": "ZEC",
      "address": "0x1ba42e5193dfa8b03d15dd1b86a3113bbbef8eeb",
      "chainId": 56,
      "decimals": 18
    },
    {
      "name": "Dai Token",
      "symbol": "DAI",
      "address": "0x1af3f329e8be154074d8769d1ffa4ee058b1dbc3",
      "chainId": 56,
      "decimals": 18,
      "logoURI": "/images/coins/DAI-icon.png"
    },
    {
      "name": "YFII.finance Token",
      "symbol": "YFII",
      "address": "0x7f70642d88cf1c4a3a7abb072b53b929b653eda5",
      "chainId": 56,
      "decimals": 18
    },
    {
      "name": "Cream",
      "symbol": "CREAM",
      "address": "0xd4cb328a82bdf5f03eb737f37fa6b370aef3e888",
      "chainId": 56,
      "decimals": 18
    },
    {
      "name": "Prometeus",
      "symbol": "PROM",
      "address": "0xaf53d56ff99f1322515e54fdde93ff8b3b7dafd5",
      "chainId": 56,
      "decimals": 18
    },
    {
      "name": "CanYaCoin",
      "symbol": "CAN",
      "address": "0x007ea5c0ea75a8df45d288a4debdd5bb633f9e56",
      "chainId": 56,
      "decimals": 18
    },
    {
      "name": "Polkadot Token",
      "symbol": "DOT",
      "address": "0x7083609fce4d1d8dc0c979aab8c869ea2c873402",
      "chainId": 56,
      "decimals": 18
    },
    {
      "name": "PancakeSwap Token",
      "symbol": "CAKE",
      "address": "0x0e09fabb73bd3ade0a17ecc321fd13a19e81ce82",
      "chainId": 56,
      "decimals": 18
    },
    {
      "name": "Sugar",
      "symbol": "SGR",
      "address": "0x1fee1e25A2d2DD9677d0358B7809Acc442A039C7",
      "chainId": 56,
      "decimals": 18
    },
    {
      "name": "Streamity",
      "symbol": "STM",
      "address": "0x90df11a8cce420675e73922419e3f4f3fe13cccb",
      "chainId": 56,
      "decimals": 18
    },
    {
      "name": "Ankr",
      "symbol": "ANKR",
      "address": "0xf307910a4c7bbc79691fd374889b36d8531b08e3",
      "chainId": 56,
      "decimals": 18
    },
    {
      "name": "ChainLink Token",
      "symbol": "LINK",
      "address": "0xf8a0bf9cf54bb92f17374d9e9a321e6a111a51bd",
      "chainId": 56,
      "decimals": 18
    },
    {
      "name": "Burger Swap",
      "symbol": "BURGER",
      "address": "0xae9269f27437f0fcbc232d39ec814844a51d6b8f",
      "chainId": 56,
      "decimals": 18
    },
    {
      "name": "Dice.finance Token",
      "symbol": "DICE",
      "address": "0x748ad98b14c814b28812eb42ad219c8672909879",
      "chainId": 56,
      "decimals": 18
    },
    {
      "name": "JNTR/b",
      "symbol": "JNTR/b",
      "address": "0x78e1936f065Fd4082387622878C7d11c9f05ECF4",
      "chainId": 56,
      "decimals": 18
    },
    {
      "name": "SPARTAN PROTOCOL TOKEN",
      "symbol": "SPART",
      "address": "0xe4ae305ebe1abe663f261bc00534067c80ad677c",
      "chainId": 56,
      "decimals": 18
    },
    {
      "name": "Trust Wallet",
      "symbol": "TWT",
      "address": "0x4b0f1812e5df2a09796481ff14017e6005508003",
      "chainId": 56,
      "decimals": 18
    }
  ]
}
